Database,Query,Avg (s),Std Dev (s),Min (s),Max (s),Runs
PostgreSQL,Q1: Campaign Analysis,7.721979999999999,0.24704292541985512,7.4646,8.0349,5
PostgreSQL,Q2: Recommendations,0.02582,0.002510378457523885,0.024,0.0299,5
PostgreSQL,Q3: Full-Text Search,3.3938799999999993,0.16611541770708707,3.2504,3.6049,5
MongoDB,Q1: Campaign Analysis,26.19406,0.36744405424499615,25.8619,26.714,5
MongoDB,Q2: Recommendations,0.03436,0.003445721985302936,0.0321,0.0403,5
MongoDB,Q3: Full-Text Search,16.18812,0.15919028550762726,16.0632,16.4269,5
Neo4j,Q1: Campaign Analysis,101.77824,1.4109263882286673,100.6537,104.2447,5
Neo4j,Q2: Recommendations,2.2364800000000002,0.3519718696146043,2.045,2.8647,5
Neo4j,Q3: Full-Text Search,2.2944,0.20995289947985948,2.173,2.6672,5
